[
    {
        "name": "Atlanta, GA"
    },
    {
        "name": "Indianapolis, IN"
    },
    {
        "name": "Philadelphia, PA"
    },
    {
        "name": "Boston, MA"
    },
    {
        "name": "Jacksonville, FL"
    },
    {
        "name": "Queens, NY"
    },
    {
        "name": "Kansas City, MO"
    },
    {
        "name": "Raleigh, NC"
    },
    {
        "name": "Chicago, IL"
    },
    {
        "name": "Los Angeles, CA"
    },
    {
        "name": "San Antonio, TX"
    },
    {
        "name": "El Paso, TX"
    },
    {
        "name": "Miami, FL"
    },
    {
        "name": "Tucson, AZ"
    },
    {
        "name": "Fresno, CA"
    },
    {
        "name": "Nashville, TN"
    },
    {
        "name": "Upland, CA"
    },
    {
        "name": "Houston, TX"
    },
    {
        "name": "Oklahoma City, OK"
    },
    {
        "name": "Washington, D.C."
    }
]